,username
0,@0x0EvE
1,@32936B
2,@3pplezero
3,@ARiezGAZWERA
4,@AbdulSolomon17
5,@AdambAdam01
6,@AdeleyeMary440
7,@Adeokeire
8,@AfolabiSola7
9,@AlexasHalse
10,@Ariirawa
11,@Arlhy
12,@AstarHamz
13,@AustinTharGyi96
14,@AyoolaAfeez11
15,@Ayoolasam241
16,@BIN_MUADH
17,@Badirukazeem31
18,@Bakul_soang
19,@BarbarWee
20,@BelloYu53403998
21,@BhargavaLavya
22,@Bhenji7
23,@Chineduifeany18
24,@Crypto_Addict24
25,@DAOHUNTERSS
26,@Dasoljar
27,@Dewasulltan28
28,@DiandaZea
29,@Dikaee8
30,@DolapoLucas
31,@DrToni151
32,@DwiSoedowo
33,@Edwardroad2003
34,@ElijahAlph
35,@Emmanuel0816544
36,@Emmawille1
37,@EmmyDu5
38,@Emmytob1
39,@EsanSamiat
40,@Eso43656548
41,@Fabulous5961
42,@FarukOladeinde
43,@FavourJ93174111
44,@Feran531
45,@GDraculus
46,@GeorgeL62573792
47,@GinikaemeN
48,@Grace3Ogunniyi
49,@Gracee_odu
50,@Hamdan05179776
51,@Hardey_bisi
52,@HeriSof80209624
53,@Hewlips1
54,@Htosin0
55,@Ibrahin880
56,@IntenseVicius
57,@IrisBlu89220947
58,@JamiuAliyu8
59,@JasonLockwood21
60,@Jimikaptain
61,@JoTarugzCrypNft
62,@Josh29497682
63,@JsDeon
64,@JustMubaraq
65,@KRParam808
66,@Kayode1330
67,@Kayuz15
68,@Kehindemarvelo1
69,@Khaley85937017
70,@LegitKingla
71,@Lehanbae03
72,@MUHAMMED00340
73,@Maniza34178014
74,@Mariyamarimar
75,@Martydom4502
76,@MattexMax3
77,@Mehdikazemii2
78,@Mhmmdrudd
79,@MilleyBerrySnr
80,@MjPioquinto
81,@Monkey_D77
82,@Mopelolamii
83,@Mrcoin001
84,@Nadyaa34
85,@Nathan65419418
86,@Obettabuti_07
87,@OgunniyiShola4
88,@OjeniyiBunmi
89,@Okanlaw34627201
90,@Olamide99602963
91,@Olanrey
92,@OlatunjiAbdulk3
93,@OlopadeDavid6
94,@Olufumiadeoke
95,@Oluwafizz
96,@Oluwafrosh15
97,@OluwatobaADEGO1
98,@OnuChigozieGod3
99,@Orpeejay
100,@Owei07618323
101,@Professor_btc
102,@QouatliEl
103,@QuadriBamidel11
104,@RareNfts
105,@RismawanNanan1
106,@SBetyuk
107,@SOLuckyLotto
108,@Sasha97421029
109,@Septiofr_
110,@Sholex12402858
111,@SirBuddy6
112,@SlimyHardeyhemy
113,@SobeboD
114,@Sojja6
115,@SolomonArinze17
116,@Special_Milli
117,@StrengXChain
118,@Sxedd_
119,@TITO_BABE19
120,@Taiwo854_
121,@Tekanomo_
122,@Thathungryman
123,@TheRemoteSavior
124,@TheYearofOx
125,@TimelessAmy
126,@Timskid37
127,@Tinkuchandrava1
128,@TomiMarisa84
129,@Tomiwa01617140
130,@Topstel
131,@TowoOlu
132,@TrinityOgbe
133,@Umapathyaishu
134,@UncommonOlamide
135,@UniqueBFemi
136,@Yahuzam74657175
137,@YellLinnSoe1
138,@_HenryChibuike_
139,@ade_win07
140,@ajaojoshua9
141,@albert_pras
142,@allword1981
143,@anonim788
144,@arie02su
145,@awalgiven_
146,@ay_ay_capt
147,@bgiborees
148,@brilian3X
149,@calamvht
150,@catc756
151,@cryptoid26
152,@derah_____
153,@duc_vampire
154,@edikan13604451
155,@ekpe_ekaette01
156,@enne_gad
157,@erdemlinsan33
158,@fajarbima0809
159,@farah84831650
160,@felybobo4love
161,@goofi124
162,@gusismakmaulana
163,@haru_artemis
164,@hhhzsss
165,@iDavychi
166,@iam_kvngchizzy
167,@ibdamega1
168,@ibrahim82343179
169,@iniubon33558660
170,@isaac_web3
171,@ismail_ayokunle
172,@janklmm
173,@jchelo21
174,@justkezmond
175,@kingprado31
176,@kokseven1
177,@luckyfariyani
178,@marvelbyte
179,@mattexmax2
180,@mirazm899bbbb
181,@nanangsafii8
182,@nawng_shine
183,@nrlmsbhl
184,@ojeniyiopeyemi3
185,@opeyemiidos
186,@orechukz
187,@ozzypretty1
188,@phuongbaongan16
189,@plnxny
190,@prasetyo_kentoz
191,@preciousEsth
192,@rainelmondo
193,@raprapsude
194,@real_astral01
195,@rowland_rufus
196,@sarbuy1
197,@silas36920093
198,@steven7curry
199,@theinforer
200,@tomimarisa
201,@uchekingsley82
202,@ugwuchukwunons4
203,@vickyslimz10
204,@wacalicae
205,@wafashofa7
206,@yaqshaq
207,@yelizzaw
208,@yhymhg77
209,@yorzyboi
210,@yvvhxCawUPdTI48
